file,id,status,n_faces,method,width,height,face_px,det_score,sharpness,brightness,contrast,yaw,quality,duplicate_of
1.jpg,1,ok,1,pad+det640,256,256,149,0.881,536.9,146.9,67.4,2.03,92.5,
10.jpg,10,ok,1,pad+det640,256,256,134,0.884,278.2,136.6,44.9,1.3,97.4,
100.jpg,100,ok,1,pad+det640,256,256,141,0.876,531.9,148.9,52.7,1.4,96.5,
11.jpg,11,ok,1,pad+det640,256,256,140,0.909,257.8,101.9,31.5,1.05,96.6,
12.jpg,12,ok,1,pad+det640,256,256,143,0.878,663.0,138.8,56.1,1.82,93.8,
13.jpg,13,ok,1,pad+det640,256,256,137,0.861,210.3,123.5,36.5,1.52,93.4,
14.jpg,14,ok,1,pad+det640,256,256,137,0.863,351.7,117.6,39.4,1.44,94.6,
15.jpg,15,ok,1,pad+det640,256,256,136,0.882,321.0,84.5,49.4,1.43,96.6,
16.jpg,16,ok,1,pad+det640,256,256,137,0.865,332.2,116.6,40.3,1.01,97.7,
17.jpg,17,ok,1,pad+det640,256,256,141,0.826,323.8,102.3,36.3,1.61,91.6,
18.jpg,18,ok,1,pad+det640,256,256,132,0.893,371.9,143.8,53.7,1.11,99.0,
19.jpg,19,ok,1,pad+det640,256,256,135,0.913,597.8,137.2,63.0,1.21,98.6,
2.jpg,2,ok,1,pad+det640,256,256,145,0.837,460.0,146.3,45.3,1.73,93.0,
20.jpg,20,ok,1,pad+det640,256,256,141,0.884,358.7,157.5,43.8,1.29,97.2,
21.jpg,21,ok,1,pad+det640,256,256,145,0.869,400.2,156.9,46.6,1.15,97.9,
22.jpg,22,ok,1,pad+det640,256,256,137,0.87,600.5,135.5,58.4,2.4,89.6,
23.jpg,23,ok,1,pad+det640,256,256,133,0.885,280.7,184.2,36.6,1.24,96.1,
24.jpg,24,ok,1,pad+det640,256,256,143,0.867,390.7,125.5,47.9,1.62,94.8,
25.jpg,25,ok,1,pad+det640,256,256,151,0.871,432.9,152.3,55.9,1.79,93.8,
26.jpg,26,ok,1,pad+det640,256,256,138,0.879,298.8,130.3,60.8,1.01,99.2,
27.jpg,27,ok,1,pad+det640,256,256,135,0.851,715.6,149.1,69.9,1.75,93.4,
28.jpg,28,ok,1,pad+det640,256,256,133,0.885,280.7,184.2,36.6,1.24,96.1,23.jpg
29.jpg,29,ok,1,pad+det640,256,256,132,0.88,217.5,122.8,30.4,1.21,94.7,
3.jpg,3,ok,1,pad+det640,256,256,139,0.874,426.7,129.4,38.0,1.1,96.9,
30.jpg,30,ok,1,pad+det640,256,256,133,0.877,248.7,117.3,37.3,1.03,97.3,
31.jpg,31,ok,1,pad+det640,256,256,137,0.904,331.9,124.4,42.0,1.26,97.6,
32.jpg,32,ok,1,pad+det640,256,256,137,0.904,330.7,149.2,35.9,1.16,96.9,
33.jpg,33,ok,1,pad+det640,256,256,138,0.908,486.7,130.3,50.1,1.13,99.1,
34.jpg,34,ok,1,pad+det640,256,256,142,0.864,309.1,106.1,49.8,1.26,97.1,
35.jpg,35,ok,1,pad+det640,256,256,143,0.872,339.0,144.0,49.2,1.78,93.8,
36.jpg,36,ok,1,pad+det640,256,256,147,0.875,301.7,101.6,56.4,2.34,90.3,
37.jpg,37,ok,1,pad+det640,256,256,131,0.897,563.0,136.9,46.1,1.09,99.3,
38.jpg,38,ok,1,pad+det640,256,256,128,0.852,245.6,121.2,44.2,1.11,97.5,
39.jpg,39,ok,1,pad+det640,256,256,131,0.844,682.9,134.4,42.0,1.75,92.5,
4.jpg,4,ok,1,pad+det640,256,256,146,0.872,482.6,122.0,47.6,1.34,96.8,
40.jpg,40,ok,1,pad+det640,256,256,130,0.897,452.1,119.2,52.5,1.41,97.1,
41.jpg,41,ok,1,pad+det640,256,256,142,0.875,307.2,151.4,55.9,1.03,99.0,
42.jpg,42,ok,1,pad+det640,256,256,141,0.907,241.2,120.2,46.5,1.16,98.9,
43.jpg,43,ok,1,pad+det640,256,256,145,0.906,370.8,194.2,37.6,1.07,97.9,
44.jpg,44,ok,1,pad+det640,256,256,126,0.89,269.8,111.3,34.9,1.06,97.0,
45.jpg,45,ok,1,pad+det640,256,256,130,0.878,452.0,89.3,54.2,1.13,98.4,
46.jpg,46,ok,1,pad+det640,256,256,130,0.873,531.2,163.6,69.6,1.09,98.5,
47.jpg,47,ok,1,pad+det640,256,256,144,0.881,427.3,102.7,33.9,1.02,96.8,
48.jpg,48,ok,1,pad+det640,256,256,133,0.829,817.0,55.3,42.6,1.28,95.3,
49.jpg,49,ok,1,pad+det640,256,256,161,0.85,248.6,113.2,39.2,1.61,93.0,
5.jpg,5,ok,1,pad+det640,256,256,144,0.899,323.1,127.8,33.5,1.14,96.5,
50.jpg,50,ok,1,pad+det640,256,256,141,0.863,397.6,123.5,27.4,1.52,91.4,
51.jpg,51,ok,1,pad+det640,256,256,139,0.882,547.4,154.8,54.7,1.5,96.1,
52.jpg,52,ok,1,pad+det640,256,256,139,0.882,347.1,130.6,30.8,1.14,95.3,
53.jpg,53,ok,1,pad+det640,256,256,142,0.868,326.8,156.8,53.6,1.28,97.1,
54.jpg,54,ok,1,pad+det640,256,256,147,0.858,372.4,162.6,46.6,1.68,94.1,
55.jpg,55,ok,1,pad+det640,256,256,153,0.887,389.3,128.9,53.0,1.79,94.3,
56.jpg,56,ok,1,pad+det640,256,256,141,0.876,333.5,126.4,44.6,1.42,96.3,
57.jpg,57,ok,1,pad+det640,256,256,146,0.886,395.4,155.3,34.9,1.42,94.5,
58.jpg,58,ok,1,pad+det640,256,256,136,0.886,435.0,113.8,40.8,1.06,98.2,
59.jpg,59,ok,1,pad+det640,256,256,143,0.895,573.8,110.9,58.7,1.2,98.5,
6.jpg,6,ok,1,pad+det640,256,256,141,0.876,684.4,149.2,37.3,1.15,96.5,
60.jpg,60,ok,1,pad+det640,256,256,143,0.877,188.7,106.4,33.1,1.01,96.6,
61.jpg,61,ok,1,pad+det640,256,256,126,0.86,684.2,75.0,38.9,1.44,94.4,
62.jpg,62,ok,1,pad+det640,256,256,137,0.898,291.6,162.5,37.0,1.12,97.4,
63.jpg,63,ok,1,pad+det640,256,256,142,0.889,442.0,140.8,35.8,1.14,96.7,
64.jpg,64,ok,1,pad+det640,256,256,126,0.895,472.8,121.3,40.0,1.14,97.8,
65.jpg,65,ok,1,pad+det640,256,256,139,0.903,410.8,144.4,47.8,1.14,99.1,
66.jpg,66,ok,1,pad+det640,256,256,138,0.89,374.9,125.3,45.7,1.07,99.2,
67.jpg,67,ok,1,pad+det640,256,256,136,0.886,972.2,143.7,53.5,1.43,96.7,
68.jpg,68,ok,1,pad+det640,256,256,140,0.907,539.0,134.3,49.7,1.29,98.1,
69.jpg,69,ok,1,pad+det640,256,256,145,0.851,437.0,140.4,42.0,1.27,95.9,
7.jpg,7,ok,1,pad+det640,256,256,146,0.897,631.7,121.2,35.3,1.78,92.6,
70.jpg,70,ok,1,pad+det640,256,256,140,0.889,375.6,132.9,46.3,1.17,98.5,
71.jpg,71,ok,1,pad+det640,256,256,143,0.873,570.9,153.9,52.3,1.05,98.8,
72.jpg,72,ok,1,pad+det640,256,256,139,0.877,517.2,147.5,57.7,1.15,98.3,
73.jpg,73,ok,1,pad+det640,256,256,136,0.868,391.3,134.7,59.1,1.06,98.5,
74.jpg,74,ok,1,pad+det640,256,256,161,0.884,381.1,145.9,49.8,2.47,89.7,
75.jpg,75,ok,1,pad+det640,256,256,133,0.83,547.8,86.2,48.9,1.35,95.4,
76.jpg,76,ok,1,pad+det640,256,256,136,0.872,421.2,130.6,68.4,1.02,98.9,
77.jpg,77,ok,1,pad+det640,256,256,144,0.886,318.7,131.8,52.0,1.51,96.1,
78.jpg,78,ok,1,pad+det640,256,256,141,0.875,455.3,124.5,58.1,1.49,95.9,
79.jpg,79,ok,1,pad+det640,256,256,133,0.875,658.2,130.6,60.9,1.19,97.9,
8.jpg,8,ok,1,pad+det640,256,256,139,0.827,345.6,130.1,55.3,1.45,94.6,
80.jpg,80,ok,1,pad+det640,256,256,131,0.836,175.4,130.3,45.6,1.13,97.0,
81.jpg,81,ok,1,pad+det640,256,256,134,0.88,408.9,114.7,52.6,1.06,98.9,
82.jpg,82,ok,1,pad+det640,256,256,132,0.858,370.7,107.5,50.7,1.12,97.8,
83.jpg,83,ok,1,pad+det640,256,256,150,0.893,230.8,140.5,28.1,1.24,94.4,
84.jpg,84,ok,1,pad+det640,256,256,146,0.899,318.8,88.4,39.5,2.22,90.6,
85.jpg,85,ok,1,pad+det640,256,256,140,0.901,486.6,108.2,53.0,1.16,98.9,
86.jpg,86,ok,1,pad+det640,256,256,128,0.864,423.6,158.9,47.5,1.3,96.8,
87.jpg,87,ok,1,pad+det640,256,256,144,0.877,576.8,158.2,39.6,1.72,93.2,
88.jpg,88,ok,1,pad+det640,256,256,147,0.831,322.9,146.4,30.8,1.6,90.5,
89.jpg,89,ok,1,pad+det640,256,256,128,0.833,614.4,140.4,53.8,1.03,97.6,
9.jpg,9,ok,1,pad+det640,256,256,145,0.885,312.2,168.8,41.4,1.11,97.9,
90.jpg,90,ok,1,pad+det640,256,256,139,0.873,361.6,125.8,55.1,1.63,94.9,
91.jpg,91,ok,1,pad+det640,256,256,116,0.794,1204.7,101.0,38.2,2.01,87.2,
92.jpg,92,ok,1,pad+det640,256,256,138,0.873,444.1,95.2,41.2,1.8,92.9,
93.jpg,93,ok,1,pad+det640,256,256,143,0.882,552.0,143.1,50.1,1.39,96.8,
94.jpg,94,ok,1,pad+det640,256,256,155,0.889,424.2,145.7,50.9,1.92,93.5,
95.jpg,95,ok,1,pad+det640,256,256,138,0.892,377.2,138.6,60.3,1.0,99.7,
96.jpg,96,ok,1,pad+det640,256,256,138,0.873,328.7,133.8,56.2,1.06,98.7,
97.jpg,97,ok,1,pad+det640,256,256,154,0.888,590.9,100.2,64.5,1.82,94.1,
98.jpg,98,ok,1,pad+det640,256,256,136,0.884,436.7,132.3,60.5,1.08,99.0,
99.jpg,99,ok,1,pad+det640,256,256,127,0.881,712.8,125.7,50.5,1.35,97.0,
